<?xml version="1.0" encoding="UTF-8"?>
<project-private xmlns="http://www.netbeans.org/ns/project-private/1">
    <editor-bookmarks xmlns="http://www.netbeans.org/ns/editor-bookmarks/2" lastBookmarkId="0"/>
    <open-files xmlns="http://www.netbeans.org/ns/projectui-open-files/2">
        <group>
            <file>file:/D:/Project/AplikasiBus/src/user/Login.java</file>
            <file>file:/D:/Project/AplikasiBus/src/user/Register.java</file>
            <file>file:/D:/Project/AplikasiBus/src/user/Booking.java</file>
            <file>file:/D:/Project/AplikasiBus/src/user/Information.java</file>
            <file>file:/D:/Project/AplikasiBus/src/admin/Login.java</file>
            <file>file:/D:/Project/AplikasiBus/src/admin/register.java</file>
            <file>file:/D:/Project/AplikasiBus/src/user/Dashboard.java</file>
            <file>file:/D:/Project/AplikasiBus/src/database/tiket.txt</file>
            <file>file:/D:/Project/AplikasiBus/src/database/admin.txt</file>
            <file>file:/D:/Project/AplikasiBus/src/admin/dashboard.java</file>
            <file>file:/D:/Project/AplikasiBus/src/aplikasibus/AplikasiBus.java</file>
            <file>file:/D:/Project/AplikasiBus/src/database/user.txt</file>
        </group>
    </open-files>
</project-private>
